,Column Reference Code,Actual Code,Age,Ethnicity,Predcition Codes,Relative Confidence Percentage,Standard Confidence Percentage
0,9001,Code 1,12,,"['Code 1', 'Code 9', 'Code 10', 'Code 8', 'Code 12']","[99.3536214953271, 95.61530373831776, 95.38165887850467, 94.91436915887851, 93.5125]","[5.960338680926918, 5.787817487075767, -1141.666666666666, 5.751490606367441, 6.7531335880420995]"
